{
  "project_info": {
    "project_number": "612929604825",
    "firebase_url": "https://my-diary-bdafd.firebaseio.com",
    "project_id": "my-diary-bdafd",
    "storage_bucket": "my-diary-bdafd.appspot.com"
  },
  "client": [
    {
      "client_info": {
        "mobilesdk_app_id": "1:612929604825:android:f392e3f3f516a941b0c2c8",
        "android_client_info": {
          "package_name": "com.ajaygaikwad.mydiary"
        }
      },
      "oauth_client": [
        {
          "client_id": "612929604825-l2rm7oe751upf012kk1luc58bns93sl0.apps.googleusercontent.com",
          "client_type": 3
        }
      ],
      "api_key": [
        {
          "current_key": "AIzaSyCefMt9zvKoE6Qe_ttD7X1UtuJSsZUxwio"
        }
      ],
      "services": {
        "appinvite_service": {
          "other_platform_oauth_client": [
            {
              "client_id": "612929604825-l2rm7oe751upf012kk1luc58bns93sl0.apps.googleusercontent.com",
              "client_type": 3
            }
          ]
        }
      }
    }
  ],
  "configuration_version": "1"
}